"","vaisala","air_co2_ppm","pre_plateau_co2_ppm","plateau_co2_ppm","post_plateau_co2_ppm"
"1","xn10m",280.448226886465,1747.96054210047,1689.50996466914,1632.03398346057
"2","x0m",409.8761622719,1886.13839256803,2658.30905627326,1631.48902301998
"3","x25m",335.37216802206,1123.43949395244,1567.09568797567,960.627182989625
"4","x50m",313.703957193461,1353.54048894517,1971.35286987157,1296.32132346372
