"","vaisala","air_co2_ppm","pre_plateau_co2_ppm","plateau_co2_ppm","post_plateau_co2_ppm"
"1","xn10m",323.619005013347,7859.60986426842,7790.95984258647,7698.16503111042
"2","x10m",837.06920408442,5609.30902561967,6533.03016739784,5945.65318065422
"3","x50m",837.06920408442,2369.10602624137,2646.29886893467,2508.68266522122
