"","vaisala","air_co2_ppm","pre_plateau_co2_ppm","plateau_co2_ppm","post_plateau_co2_ppm"
"1","xn10m",323.619005013347,3600.43688966667,3564.21178311111,3521.21079733333
"2","x10m",320.024172834305,3722.64865711111,4352.21075388889,3955.60813833333
"3","x50m",320.024172834305,1503.48692,1693.88824222222,1600.48382
